{"train loss": 0.011164659634232521, "step": 7, "epoch": 1, "_timestamp": 1668900573.556549, "_runtime": 4.13116717338562, "_step": 6, "_wandb": {"runtime": 4}}