{"train loss": 1.1940139532089233, "step": 2, "epoch": 1, "_timestamp": 1668736727.0586877, "_runtime": 5.354048728942871, "_step": 1, "_wandb": {"runtime": 4}}